DELETE FROM timetable;
ALTER SEQUENCE timetable_id_seq RESTART WITH 1;
DELETE FROM groups_groups;
ALTER SEQUENCE groups_groups_id_seq RESTART WITH 1;
DELETE FROM teachers_groups;
ALTER SEQUENCE teachers_groups_id_seq RESTART WITH 1;
DELETE FROM groups;
DELETE FROM teachers;
DELETE FROM lesson_times;
ALTER SEQUENCE lesson_times_id_seq RESTART WITH 1;
DELETE FROM subjects;

INSERT INTO lesson_times (lesson_number, in_day)
VALUES (1, 'Понедельник'), (2, 'Понедельник'), (3, 'Понедельник'), (4, 'Понедельник'), (5, 'Понедельник'), (6, 'Понедельник'), (7, 'Понедельник'),
       (1, 'Вторник'), (2, 'Вторник'), (3, 'Вторник'), (4, 'Вторник'), (5, 'Вторник'), (6, 'Вторник'), (7, 'Вторник'),
       (1, 'Среда'), (2, 'Среда'), (3, 'Среда'), (4, 'Среда'), (5, 'Среда'), (6, 'Среда'), (7, 'Среда'),
       (1, 'Четверг'), (2, 'Четверг'), (3, 'Четверг'), (4, 'Четверг'), (5, 'Четверг'), (6, 'Четверг'), (7, 'Четверг'),
       (1, 'Пятница'), (2, 'Пятница'), (3, 'Пятница'), (4, 'Пятница'), (5, 'Пятница'), (6, 'Пятница'), (7, 'Пятница')
;

INSERT INTO teachers (id, name, working_hours)
VALUES (1,  'Прим О.Е.', 34),
       (2,  'Краскал Б.И.', 34),
       (3,  'Лобачевский И.С.', 30), /*профиль в 10*/
       (4,  'Евклидов А.П.', 21), /*база в 10*/
       (5,  'Пушкина М.И.', 28),
       (6,  'Лермонтова Е.П.', 16),
       (7,  'Свон И.М.', 34),
       (8,  'Каллен Э.Э.М.', 34),
       (9,  'Карамзин Г.Я.', 12), /*профиль в 10*/
       (10, 'Рюрикова А.В.', 10), /*база в 10*/
       (11, 'Магелланова И.Б.', 17),
       (12, 'Ньютонов М.Е.', 17)
;

INSERT INTO groups (id, name)
VALUES (1,  '5a'),        (2,  '5a англ1'),   (3,  '5a англ2'),  (4,  '5а инф1'),  (5,  '5а инф2'),
       (6,  '5б'),        (7,  '5б англ1'),   (8,  '5б англ2'),  (9,  '5б инф1'),  (10, '5б инф2'),
       (11, '5в'),        (12, '5в англ1'),   (13, '5в англ2'),  (14, '5в инф1'),  (15, '5в инф2'),
       (16, '6a'),        (17, '6a англ1'),   (18, '6a англ2'),  (19, '6а инф1'),  (20, '6а инф2'),
       (21, '6б'),        (22, '6б англ1'),   (23, '6б англ2'),  (24, '6б инф1'),  (25, '6б инф2'),
       (26, '6в'),        (27, '6в англ1'),   (28, '6в англ2'),  (29, '6в инф1'),  (30, '6в инф2'),
       (31, '7a'),        (32, '7a англ1'),   (33, '7a англ2'),  (34, '7а инф1'),  (35, '7а инф2'),
       (36, '7б'),        (37, '7б англ1'),   (38, '7б англ2'),  (39, '7б инф1'),  (40, '7б инф2'),
       (41, '7в'),        (42, '7в англ1'),   (43, '7в англ2'),  (44, '7в инф1'),  (45, '7в инф2'),
       (46, '8a'),        (47, '8a англ1'),   (48, '8a англ2'),  (49, '8а инф1'),  (50, '8а инф2'),
       (51, '8б'),        (52, '8б англ1'),   (53, '8б англ2'),  (54, '8б инф1'),  (55, '8б инф2'),
       (56, '8в'),        (57, '8в англ1'),   (58, '8в англ2'),  (59, '8в инф1'),  (60, '8в инф2'),
       (61, '9a'),        (62, '9a англ1'),   (63, '9a англ2'),  (64, '9а инф1'),  (65, '9а инф2'),
       (66, '9б'),        (67, '9б англ1'),   (68, '9б англ2'),  (69, '9б инф1'),  (70, '9б инф2'),
       (71, '9в'),        (72, '9в англ1'),   (73, '9в англ2'),  (74, '9в инф1'),  (75, '9в инф2'),
       (76, '10a'),       (77, '10a англ1'),  (78, '10a англ2'), (79, '10а инф1'), (80, '10а инф2'),
       (81, '10б'),       (82, '10б англ1'),  (83, '10б англ2'), (84, '10б инф1'), (85, '10б инф2'),
       /* 10а+10б разбиваются на 2 непересекающихся подмножества (работает, как с английским, только с 2-мя классами)*/
       (86, '10 проф матем'), (87, '10 проф ист')
;

INSERT INTO groups_groups (group1_id, group2_id)
VALUES (1,2), (1,3), (1,4), (1,5), (2,4), (2,5), (3,4), (3,5),
       (6,7), (6,8), (6,9), (6,10), (7,9), (7,10), (8,9), (8,10),
       (11,12), (11,13), (11,14), (11,15), (12,14), (12,15), (13,14), (13,15),
       (16,17), (16,18), (16,19), (16,20), (17,19), (17,20), (18,19), (18,20),
       (21,22), (21,23), (21,24), (21,25), (22,24), (22,25), (23,24), (23,25),
       (26,27), (26,28), (26,29), (26,30), (27,29), (27,30), (28,29), (28,30),
       (31,32), (31,33), (31,34), (31,35), (32,34), (32,35), (33,34), (33,35),
       (36,37), (36,38), (36,39), (36,40), (37,39), (37,40), (38,39), (38,40),
       (41,42), (41,43), (41,44), (41,45), (42,44), (42,45), (43,44), (43,45),
       (46,47), (46,48), (46,49), (46,50), (47,49), (47,50), (48,49), (48,50),
       (51,52), (51,53), (51,54), (51,55), (52,54), (52,55), (53,54), (53,55),
       (56,57), (56,58), (56,59), (56,60), (57,59), (57,60), (58,59), (58,60),
       (61,62), (61,63), (61,64), (61,65), (62,64), (62,65), (63,64), (63,65),
       (66,67), (66,68), (66,69), (66,70), (67,69), (67,70), (68,69), (68,70),
       (71,72), (71,73), (71,74), (71,75), (72,74), (72,75), (73,74), (73,75),
       (76,77), (76,78), (76,79), (76,80), (77,79), (77,80), (78,79), (78,80),
       (81,82), (81,83), (81,84), (81,85), (82,84), (82,85), (83,84), (83,85),
       (86,76), (86,77), (86,78), (86,79), (86,80), (86,81), (86,82), (86,83), (86,84), (86,85),
       (87,76), (87,77), (87,78), (87,79), (87,80), (87,81), (87,82), (87,83), (87,84), (87,85)
;

INSERT INTO teachers_groups (teacher_id, group_id, count_per_week)
VALUES (1,4,2), (1,9,2), (1,14,2), (1,19,2), (1,24,2), (1,29,2), (1,34,2), (1,39,2), (1,44,2), (1,49,2), (1,54,2), (1,59,2), (1,64,2), (1,69,2), (1,74,2), (1,79,2), (1,84,2),
       (2,5,2), (2,10,2), (2,15,2), (2,20,2), (2,25,2), (2,30,2), (2,35,2), (2,40,2), (2,45,2), (2,50,2), (2,55,2), (2,60,2), (2,65,2), (2,70,2), (2,75,2), (2,80,2), (2,85,2),
       (3,1,2), (3,6,2), (3,11,2), (3,16,3), (3,21,3), (3,26,3), (3,31,3), (3,36,3), (3,41,3), (3,86,6),
       (4,46,3), (4,51,3), (4,56,3), (4,61,3), (4,66,3), (4,71,3), (4,87,3),
       (5,1,3), (5,6,3), (5,11,3), (5,16,3), (5,21,3), (5,26,3), (5,31,3), (5,36,3), (5,41,3), (5,76,1),
       (6,46,3), (6,51,3), (6,56,3), (6,61,2), (6,66,2), (6,71,2), (6,81,1),
       (7,2,2), (7,7,2), (7,12,2), (7,17,2), (7,22,2), (7,27,2), (7,32,2), (7,37,2), (7,42,2), (7,47,2), (7,52,2), (7,57,2), (7,62,2), (7,67,2), (7,72,2), (7,77,2), (7,82,2),
       (8,3,2), (8,8,2), (8,13,2), (8,18,2), (8,23,2), (8,28,2), (8,33,2), (8,38,2), (8,43,2), (8,48,2), (8,53,2), (8,58,2), (8,63,2), (8,68,2), (8,73,2), (8,78,2), (8,83,2),
       (9,46,1), (9,51,1), (9,56,1), (9,61,1), (9,66,1), (9,71,1), (9,87,6),
       (10,1,1), (10,6,1), (10,11,1), (10,16,1), (10,21,1), (10,26,1), (10,31,1), (10,36,1), (10,41,1), (10,86,1),
       (11,1,1), (11,6,1), (11,11,1), (11,16,1), (11,21,1), (11,26,1), (11,31,1), (11,36,1), (11,41,1), (11,46,1), (11,51,1), (11,56,1), (11,61,1), (11,66,1), (11,71,1), (11,76,1), (11,81,1),
       (12,1,1), (12,6,1), (12,11,1), (12,16,1), (12,21,1), (12,26,1), (12,31,1), (12,36,1), (12,41,1), (12,46,1), (12,51,1), (12,56,1), (12,61,1), (12,66,1), (12,71,1), (12,76,1), (12,81,1)